{"waterCoverage": 38.71466220838119, "clearWater": 98.73972992181947, "moderateQuality": 1.0140724946695097, "algalPresence": 0.24250177683013502}